{
  "drive": {
    "p": 0.0023645,
    "i": 0,
    "d": 0.00020645,
    "f": 0,
    "iz": 0
  },
  "angle": {
    "p": 0.005967,
    "i": 0.0001,
    "d": 0.00001,
    "f": 0,
    "iz": 5
  }
}